{"cameraMode":{"drawMode":0,"name":"Shaded","section":"Shading Mode"},"sceneLighting":false,"audioPlay":false,"sceneViewState":{"showFog":true,"showMaterialUpdate":false,"showSkybox":true,"showFlares":true,"showImageEffects":true,"showParticleSystems":true},"in2DMode":false,"pivot":{"x":-6.607812881469727,"y":4.82615852355957,"z":-4.250358581542969},"rotation":{"x":0.1361173391342163,"y":0.47629213333129885,"z":-0.07490970194339752,"w":0.8654554486274719},"size":0.35189083218574526,"orthographic":true}