{"cameraMode":{"drawMode":0,"name":"Shaded","section":"Shading Mode"},"sceneLighting":true,"audioPlay":false,"sceneViewState":{"showFog":true,"showMaterialUpdate":false,"showSkybox":true,"showFlares":true,"showImageEffects":true,"showParticleSystems":true},"in2DMode":false,"pivot":{"x":7.007460594177246,"y":5.352418422698975,"z":-0.5783168077468872},"rotation":{"x":0.45392635464668276,"y":-0.4923151731491089,"z":0.33789876103401186,"w":0.6613743305206299},"size":4.934205532073975,"orthographic":true}