{"cameraMode":{"drawMode":0,"name":"Shaded","section":"Shading Mode"},"sceneLighting":false,"audioPlay":false,"sceneViewState":{"showFog":true,"showMaterialUpdate":false,"showSkybox":true,"showFlares":true,"showImageEffects":true,"showParticleSystems":true},"in2DMode":false,"pivot":{"x":0.0018975511193275452,"y":-0.10641807317733765,"z":-0.000011265277862548828},"rotation":{"x":0.21562597155570985,"y":-0.32729217410087588,"z":0.07697544246912003,"w":0.916779100894928},"size":3.227222204208374,"orthographic":true}