{"cameraMode":{"drawMode":0,"name":"Shaded","section":"Shading Mode"},"sceneLighting":true,"audioPlay":false,"sceneViewState":{"showFog":true,"showMaterialUpdate":false,"showSkybox":true,"showFlares":true,"showImageEffects":true,"showParticleSystems":true},"in2DMode":false,"pivot":{"x":-4.82763671875,"y":7.98974609375,"z":-0.41064453125},"rotation":{"x":-0.10625223070383072,"y":0.8657259345054627,"z":-0.20773467421531678,"w":-0.4428205192089081},"size":4.705700874328613,"orthographic":true}