{"cameraMode":{"drawMode":0,"name":"Shaded","section":"Shading Mode"},"sceneLighting":false,"audioPlay":false,"sceneViewState":{"showFog":true,"showMaterialUpdate":false,"showSkybox":true,"showFlares":true,"showImageEffects":true,"showParticleSystems":true},"in2DMode":false,"pivot":{"x":-7.152557373046875e-7,"y":0.7934907674789429,"z":0.21272709965705872},"rotation":{"x":0.398725301027298,"y":-0.2590803802013397,"z":0.11850734055042267,"w":0.8717008829116821},"size":4.477609157562256,"orthographic":true}